precision,recall,f1,f2
0.9782608695652174,0.9507042253521126,0.9642857142857143,0.9560906515580736
0.7666666666666667,0.8846153846153846,0.8214285714285715,0.8582089552238805
