precision,recall,f1,f2
0.8680981595092024,0.9964788732394366,0.9278688524590164,0.9678522571819425
0.9,0.17307692307692307,0.2903225806451613,0.20642201834862386
