precision,recall,f1,f2
0.999275887038378,0.9583333333333334,0.97837646224743,0.9662512253185829
0.4174757281553398,0.9772727272727273,0.5850340136054422,0.7706093189964158
