precision,recall,f1,f2
0.9813186813186813,0.9944320712694877,0.9878318584070795,0.9917814304753442
0.9358974358974359,0.8111111111111111,0.8690476190476191,0.8333333333333334
