precision,recall,f1,f2
0.9988851727982163,0.9977728285077951,0.9983286908077995,0.9979950991312099
0.978021978021978,0.9888888888888889,0.9834254143646408,0.9866962305986695
