precision,recall,f1,f2
1.0,0.9621380846325167,0.9807037457434733,0.9694793536804309
0.7258064516129032,1.0,0.8411214953271028,0.9297520661157024
