precision,recall,f1,f2
0.9851301115241635,0.9330985915492958,0.9584086799276673,0.9430604982206406
0.7164179104477612,0.9230769230769231,0.8067226890756303,0.8727272727272727
