precision,recall,f1,f2
0.9978571428571429,0.9701388888888889,0.9838028169014085,0.9755586592178772
0.4880952380952381,0.9318181818181818,0.640625,0.7884615384615383
