precision,recall,f1,f2
0.9978632478632479,0.9729166666666667,0.9852320675105486,0.9778056951423786
0.5125,0.9318181818181818,0.661290322580645,0.8007812500000001
