precision,recall,f1,f2
0.9971305595408895,0.9652777777777778,0.9809456598447425,0.9714844842046407
0.4444444444444444,0.9090909090909091,0.5970149253731343,0.7518796992481204
