precision,recall,f1,f2
0.9917355371900827,0.8450704225352113,0.9125475285171103,0.8708272859216256
0.5319148936170213,0.9615384615384616,0.684931506849315,0.8278145695364238
