precision,recall,f1,f2
0.9992769342010123,0.9597222222222223,0.9791002479631598,0.9673806523869523
0.42574257425742573,0.9772727272727273,0.5931034482758621,0.776173285198556
