precision,recall,f1,f2
0.9964234620886981,0.9673611111111111,0.981677237491191,0.9730371612182175
0.45348837209302323,0.8863636363636364,0.6,0.7442748091603053
