precision,recall,f1,f2
0.9988826815642458,0.9955456570155902,0.9972113775794758,0.9962112770225094
0.956989247311828,0.9888888888888889,0.9726775956284154,0.9823399558498896
