precision,recall,f1,f2
1.0,0.9866369710467706,0.9932735426008968,0.9892809289861545
0.8823529411764706,1.0,0.9375,0.9740259740259741
