precision,recall,f1,f2
0.9978370583994232,0.9611111111111111,0.9791298195967456,0.9682384217154049
0.422680412371134,0.9318181818181818,0.5815602836879433,0.7509157509157509
