precision,recall,f1,f2
1.0,0.9988864142538976,0.9994428969359331,0.9991089329472043
0.989010989010989,1.0,0.994475138121547,0.9977827050997783
