precision,recall,f1,f2
0.9877551020408163,0.852112676056338,0.9149338374291116,0.8761766835626358
0.5384615384615384,0.9423076923076923,0.6853146853146853,0.8193979933110368
