precision,recall,f1,f2
0.9971264367816092,0.9638888888888889,0.980225988700565,0.9703579418344519
0.43478260869565216,0.9090909090909091,0.5882352941176471,0.746268656716418
