precision,recall,f1,f2
0.9814126394052045,0.9295774647887324,0.9547920433996383,0.9395017793594308
0.7014925373134329,0.9038461538461539,0.7899159663865547,0.8545454545454546
