precision,recall,f1,f2
0.9971367215461704,0.9673611111111111,0.9820232640112795,0.9731731172278888
0.45977011494252873,0.9090909090909091,0.6106870229007634,0.7604562737642585
