precision,recall,f1,f2
0.9978525411596277,0.9680555555555556,0.9827282340500529,0.9738717339667456
0.47126436781609193,0.9318181818181818,0.6259541984732825,0.779467680608365
