precision,recall,f1,f2
0.9875690607734806,0.9930555555555556,0.9903047091412742,0.991953385127636
0.7222222222222222,0.5909090909090909,0.65,0.6132075471698114
