precision,recall,f1,f2
0.9978323699421965,0.9590277777777778,0.9780453257790369,0.966545352743561
0.41,0.9318181818181818,0.5694444444444444,0.7427536231884057
