precision,recall,f1,f2
0.9814814814814815,0.9330985915492958,0.9566787003610108,0.9423897581792318
0.7121212121212122,0.9038461538461539,0.7966101694915254,0.8576642335766423
