precision,recall,f1,f2
0.9878183831672204,0.9933184855233853,0.9905607995558023,0.9922135706340378
0.9294117647058824,0.8777777777777778,0.9028571428571429,0.8876404494382024
