precision,recall,f1,f2
0.981203007518797,0.9190140845070423,0.9490909090909091,0.9308131241084167
0.6714285714285714,0.9038461538461539,0.7704918032786885,0.8453237410071943
