precision,recall,f1,f2
0.9834801762114538,0.9944320712694877,0.9889258028792913,0.9922222222222221
0.9375,0.8333333333333334,0.8823529411764706,0.8522727272727273
