precision,recall,f1,f2
0.9964080459770115,0.9631944444444445,0.9795197740112994,0.969658836689038
0.42391304347826086,0.8863636363636364,0.5735294117647058,0.7276119402985075
