precision,recall,f1,f2
0.9779411764705882,0.9366197183098591,0.9568345323741008,0.9446022727272727
0.71875,0.8846153846153846,0.7931034482758621,0.8455882352941176
