precision,recall,f1,f2
0.9964285714285714,0.96875,0.9823943661971831,0.9741620111731845
0.4642857142857143,0.8863636363636364,0.609375,0.7500000000000001
