precision,recall,f1,f2
0.9721254355400697,0.9823943661971831,0.9772329246935201,0.9803232607167955
0.8979591836734694,0.8461538461538461,0.8712871287128713,0.8560311284046691
