precision,recall,f1,f2
0.9703504043126685,1.0,0.9849521203830369,0.9939260077305356
0.0,0.0,0.0,0.0
