precision,recall,f1,f2
0.998849252013809,0.9665924276169265,0.9824561403508772,0.9728760367630577
0.7478991596638656,0.9888888888888889,0.8516746411483254,0.9290187891440501
