precision,recall,f1,f2
0.9992764109985528,0.9590277777777778,0.9787384833451452,0.9668160179221506
0.4215686274509804,0.9772727272727273,0.589041095890411,0.7733812949640289
