precision,recall,f1,f2
0.9971387696709585,0.9680555555555556,0.9823819591261451,0.9737356803576417
0.46511627906976744,0.9090909090909091,0.6153846153846153,0.7633587786259542
