precision,recall,f1,f2
0.9826086956521739,0.795774647887324,0.8793774319066148,0.8272327964860907
0.4528301886792453,0.9230769230769231,0.6075949367088607,0.7643312101910829
