precision,recall,f1,f2
0.9745454545454545,0.9436619718309859,0.9588550983899821,0.949681077250177
0.7377049180327869,0.8653846153846154,0.7964601769911505,0.8364312267657994
