precision,recall,f1,f2
0.9950284090909091,0.9729166666666667,0.9838483146067416,0.977260044642857
0.4868421052631579,0.8409090909090909,0.6166666666666667,0.7341269841269841
