precision,recall,f1,f2
0.9812734082397003,0.9225352112676056,0.9509981851179672,0.9337134711332858
0.6811594202898551,0.9038461538461539,0.7768595041322315,0.848375451263538
