precision,recall,f1,f2
0.978021978021978,0.9910913140311804,0.9845132743362832,0.9884495779653488
0.8974358974358975,0.7777777777777778,0.8333333333333333,0.7990867579908675
