precision,recall,f1,f2
0.9964488636363636,0.9743055555555555,0.9852528089887639,0.9786551339285715
0.5131578947368421,0.8863636363636364,0.65,0.7738095238095238
