precision,recall,f1,f2
1.0,0.9597222222222223,0.9794472005669739,0.967516101932232
0.43137254901960786,1.0,0.6027397260273972,0.7913669064748202
