precision,recall,f1,f2
0.9781021897810219,0.9436619718309859,0.9605734767025089,0.950354609929078
0.7419354838709677,0.8846153846153846,0.8070175438596492,0.8518518518518519
