precision,recall,f1,f2
0.9880952380952381,0.8767605633802817,0.9291044776119404,0.8969740634005763
0.5833333333333334,0.9423076923076923,0.7205882352941178,0.8390410958904111
