precision,recall,f1,f2
1.0,0.9977728285077951,0.9988851727982163,0.9982174688057042
0.9782608695652174,1.0,0.989010989010989,0.9955752212389382
