precision,recall,f1,f2
0.9971202303815695,0.9618055555555556,0.9791445740544363,0.9686669464260735
0.42105263157894735,0.9090909090909091,0.5755395683453236,0.7380073800738006
