precision,recall,f1,f2
0.9988864142538976,0.9988864142538976,0.9988864142538976,0.9988864142538976
0.9888888888888889,0.9888888888888889,0.9888888888888889,0.9888888888888888
