precision,recall,f1,f2
0.9978463747307968,0.9652777777777778,0.9812919166960818,0.9716202991751712
0.45054945054945056,0.9318181818181818,0.6074074074074074,0.7677902621722846
