precision,recall,f1,f2
1.0,0.9520833333333333,0.975453575240128,0.9612957509465712
0.3893805309734513,1.0,0.5605095541401274,0.7612456747404844
