precision,recall,f1,f2
0.9978197674418605,0.9534722222222223,0.9751420454545455,0.962023542600897
0.37962962962962965,0.9318181818181818,0.5394736842105263,0.721830985915493
