precision,recall,f1,f2
0.9964260185847034,0.9680555555555556,0.9820359281437125,0.9735996647576476
0.4588235294117647,0.8863636363636364,0.6046511627906976,0.7471264367816092
