precision,recall,f1,f2
0.9985590778097982,0.9625,0.9801980198019802,0.9695019585898155
0.4375,0.9545454545454546,0.6,0.7720588235294119
