precision,recall,f1,f2
0.9816849816849816,0.9436619718309859,0.9622980251346498,0.9510290986515259
0.746031746031746,0.9038461538461539,0.8173913043478261,0.8671586715867159
