precision,recall,f1,f2
1.0,0.9933184855233853,0.9966480446927374,0.9946476360392505
0.9375,1.0,0.967741935483871,0.9868421052631579
