precision,recall,f1,f2
0.9971139971139971,0.9597222222222223,0.9780608634111818,0.9669745312062693
0.40816326530612246,0.9090909090909091,0.5633802816901408,0.72992700729927
