precision,recall,f1,f2
0.9783393501805054,0.954225352112676,0.9661319073083778,0.9589525831564047
0.7796610169491526,0.8846153846153846,0.8288288288288288,0.8614232209737828
