precision,recall,f1,f2
0.96875,0.9823943661971831,0.9755244755244755,0.9796348314606742
0.8958333333333334,0.8269230769230769,0.86,0.8398437499999999
