precision,recall,f1,f2
0.9978479196556671,0.9659722222222222,0.981651376146789,0.9721833939055073
0.45555555555555555,0.9318181818181818,0.6119402985074627,0.7706766917293233
