precision,recall,f1,f2
0.8452380952380952,1.0,0.9161290322580644,0.9646739130434782
0.0,0.0,0.0,0.0
