precision,recall,f1,f2
0.8477611940298507,1.0,0.9176090468497577,0.9653297076818491
1.0,0.019230769230769232,0.03773584905660378,0.02392344497607656
