precision,recall,f1,f2
1.0,0.9256944444444445,0.9614136314460874,0.9396588185535034
0.2913907284768212,1.0,0.4512820512820513,0.672782874617737
