precision,recall,f1,f2
1.0,0.9423611111111111,0.9703253485877726,0.9533511310945623
0.3464566929133858,1.0,0.5146198830409356,0.726072607260726
