precision,recall,f1,f2
0.997169143665959,0.9784722222222222,0.9877322117069752,0.9821553046145267
0.5633802816901409,0.9090909090909091,0.6956521739130435,0.8097165991902835
