precision,recall,f1,f2
1.0,0.9208333333333333,0.9587852494577006,0.9356477561388652
0.27848101265822783,1.0,0.43564356435643564,0.6586826347305389
