precision,recall,f1,f2
0.9964336661911555,0.9701388888888889,0.9831104855735397,0.975286232895839
0.47560975609756095,0.8863636363636364,0.6190476190476191,0.7558139534883722
