precision,recall,f1,f2
0.9964387464387464,0.9715277777777778,0.9838255977496484,0.9764098269123394
0.4875,0.8863636363636364,0.6290322580645161,0.76171875
