precision,recall,f1,f2
0.9823008849557522,0.9888641425389755,0.9855715871254161,0.9875444839857649
0.8809523809523809,0.8222222222222222,0.8505747126436781,0.8333333333333335
