precision,recall,f1,f2
0.9686411149825784,0.9788732394366197,0.9737302977232924,0.976809557273366
0.8775510204081632,0.8269230769230769,0.8514851485148514,0.8365758754863812
