precision,recall,f1,f2
0.9971448965024983,0.9701388888888889,0.9834565293910594,0.9754224270353303
0.4819277108433735,0.9090909090909091,0.6299212598425197,0.7722007722007721
