precision,recall,f1,f2
0.9850746268656716,0.9295774647887324,0.9565217391304348,0.9401709401709403
0.7058823529411765,0.9230769230769231,0.8000000000000002,0.8695652173913044
