precision,recall,f1,f2
0.978021978021978,0.9401408450704225,0.9587073608617593,0.9474804826117814
0.7301587301587301,0.8846153846153846,0.7999999999999999,0.8487084870848708
