precision,recall,f1,f2
1.0,0.9699331848552338,0.9847371396269078,0.9758010306968408
0.7692307692307693,1.0,0.8695652173913044,0.9433962264150945
