precision,recall,f1,f2
0.9978586723768736,0.9708333333333333,0.9841605068637804,0.9761206535400082
0.4939759036144578,0.9318181818181818,0.6456692913385826,0.7915057915057915
