precision,recall,f1,f2
0.9781818181818182,0.9471830985915493,0.9624329159212879,0.9532246633593194
0.7540983606557377,0.8846153846153846,0.8141592920353982,0.8550185873605948
