precision,recall,f1,f2
0.9985693848354793,0.9694444444444444,0.9837914023960536,0.9751327186364906
0.4883720930232558,0.9545454545454546,0.6461538461538462,0.8015267175572519
