precision,recall,f1,f2
1.0,0.9215277777777777,0.9591615468015902,0.9362212501763792
0.2802547770700637,1.0,0.43781094527363185,0.6606606606606606
