precision,recall,f1,f2
0.9775280898876404,0.9190140845070423,0.9473684210526315,0.9301496792587312
0.6666666666666666,0.8846153846153846,0.7603305785123966,0.8303249097472923
