precision,recall,f1,f2
1.0,0.9402777777777778,0.9692197566213314,0.9516446443632275
0.3384615384615385,1.0,0.5057471264367815,0.7189542483660132
