precision,recall,f1,f2
1.0,0.9361111111111111,0.9670014347202296,0.9482273494653911
0.3235294117647059,1.0,0.48888888888888893,0.7051282051282052
