precision,recall,f1,f2
0.9790286975717439,0.987750556792873,0.983370288248337,0.985993775011116
0.8658536585365854,0.7888888888888889,0.8255813953488372,0.8031674208144796
