precision,recall,f1,f2
0.9816176470588235,0.9401408450704225,0.9604316546762589,0.9481534090909092
0.734375,0.9038461538461539,0.810344827586207,0.8639705882352942
