precision,recall,f1,f2
0.99644128113879,0.9722222222222222,0.984182776801406,0.9769713886950455
0.4936708860759494,0.8863636363636364,0.6341463414634146,0.7647058823529412
