precision,recall,f1,f2
0.985239852398524,0.9401408450704225,0.9621621621621621,0.9488272921108742
0.7384615384615385,0.9230769230769231,0.8205128205128206,0.8791208791208791
