precision,recall,f1,f2
0.9875518672199171,0.9916666666666667,0.9896049896049897,0.9908409658617818
0.6842105263157895,0.5909090909090909,0.6341463414634148,0.6074766355140188
