precision,recall,f1,f2
0.9978308026030369,0.9583333333333334,0.977683315621679,0.9659806803863924
0.40594059405940597,0.9318181818181818,0.5655172413793104,0.740072202166065
