precision,recall,f1,f2
1.0,0.9910913140311804,0.9955257270693512,0.9928603302097277
0.9183673469387755,1.0,0.9574468085106383,0.9825327510917032
