precision,recall,f1,f2
0.9964438122332859,0.9729166666666667,0.9845397048489108,0.9775327937482557
0.5,0.8863636363636364,0.639344262295082,0.7677165354330708
