precision,recall,f1,f2
0.995729537366548,0.9715277777777778,0.9834797891036906,0.9762735519888346
0.4810126582278481,0.8636363636363636,0.6178861788617886,0.7450980392156863
