precision,recall,f1,f2
1.0,0.987750556792873,0.9938375350140056,0.99017637865595
0.8910891089108911,1.0,0.9424083769633509,0.9761388286334058
