precision,recall,f1,f2
0.9845132743362832,0.9910913140311804,0.9877913429522753,0.9897686832740213
0.9047619047619048,0.8444444444444444,0.8735632183908046,0.8558558558558558
