precision,recall,f1,f2
1.0,0.9263888888888889,0.9617880317231435,0.940231181279955
0.29333333333333333,1.0,0.45360824742268036,0.6748466257668713
