precision,recall,f1,f2
0.9742647058823529,0.9330985915492958,0.9532374100719424,0.9410511363636365
0.703125,0.8653846153846154,0.7758620689655172,0.8272058823529412
