precision,recall,f1,f2
0.9964362081254454,0.9708333333333333,0.9834681674287724,0.9758481083344968
0.48148148148148145,0.8863636363636364,0.624,0.7587548638132295
