precision,recall,f1,f2
0.9985549132947977,0.9597222222222223,0.9787535410764873,0.9672452407614781
0.42,0.9545454545454546,0.5833333333333334,0.7608695652173914
