precision,recall,f1,f2
0.9889426399447132,0.99375,0.9913404918600623,0.9927847925627862
0.7567567567567568,0.6363636363636364,0.691358024691358,0.6572769953051644
