precision,recall,f1,f2
0.9964183381088825,0.9659722222222222,0.9809590973201693,0.9719116825041924
0.4431818181818182,0.8863636363636364,0.5909090909090909,0.7386363636363635
