precision,recall,f1,f2
0.981549815498155,0.9366197183098591,0.9585585585585586,0.945273631840796
0.7230769230769231,0.9038461538461539,0.8034188034188035,0.8608058608058609
