precision,recall,f1,f2
0.9882352941176471,0.8873239436619719,0.935064935064935,0.905823148813803
0.6049382716049383,0.9423076923076923,0.7368421052631579,0.8477508650519031
