precision,recall,f1,f2
1.0,0.9888641425389755,0.9944008958566629,0.9910714285714286
0.9,1.0,0.9473684210526316,0.9782608695652175
