precision,recall,f1,f2
0.9971550497866287,0.9736111111111111,0.9852424455375967,0.9782305330728439
0.5128205128205128,0.9090909090909091,0.6557377049180326,0.7874015748031495
