precision,recall,f1,f2
0.9957264957264957,0.9708333333333333,0.9831223628691983,0.97571189279732
0.475,0.8636363636363636,0.6129032258064516,0.7421875
