precision,recall,f1,f2
0.9813432835820896,0.926056338028169,0.9528985507246376,0.9366096866096867
0.6911764705882353,0.9038461538461539,0.7833333333333333,0.851449275362319
