precision,recall,f1,f2
0.9838056680161943,0.8556338028169014,0.9152542372881355,0.8785249457700651
0.5393258426966292,0.9230769230769231,0.6808510638297872,0.8080808080808081
