precision,recall,f1,f2
0.9866962305986696,0.9910913140311804,0.9888888888888889,0.9902091677792614
0.9069767441860465,0.8666666666666667,0.8863636363636364,0.8744394618834082
