precision,recall,f1,f2
0.9776119402985075,0.9225352112676056,0.9492753623188407,0.9330484330484329
0.6764705882352942,0.8846153846153846,0.7666666666666666,0.8333333333333335
