precision,recall,f1,f2
0.9964311206281228,0.9694444444444444,0.9827525519183385,0.974724200530652
0.46987951807228917,0.8863636363636364,0.6141732283464567,0.7528957528957528
