precision,recall,f1,f2
0.9964209019327129,0.9666666666666667,0.9813182939725061,0.9724745004890317
0.4482758620689655,0.8863636363636364,0.5954198473282443,0.741444866920152
