precision,recall,f1,f2
0.997867803837953,0.975,0.9863013698630136,0.9794893260778568
0.5324675324675324,0.9318181818181818,0.6776859504132231,0.8102766798418972
