precision,recall,f1,f2
0.9808612440191388,0.721830985915493,0.8316430020283977,0.762081784386617
0.3779527559055118,0.9230769230769231,0.5363128491620112,0.7164179104477612
