precision,recall,f1,f2
0.9949964260185847,0.9666666666666667,0.9806269813314547,0.9722028216231318
0.43529411764705883,0.8409090909090909,0.5736434108527132,0.7088122605363986
