precision,recall,f1,f2
0.9879518072289156,0.8661971830985915,0.923076923076923,0.8880866425992779
0.5632183908045977,0.9423076923076923,0.7050359712230214,0.8305084745762712
