precision,recall,f1,f2
0.9817518248175182,0.9471830985915493,0.96415770609319,0.9539007092198579
0.7580645161290323,0.9038461538461539,0.8245614035087719,0.8703703703703703
