precision,recall,f1,f2
0.9819494584837545,0.9577464788732394,0.9696969696969697,0.9624911535739561
0.7966101694915254,0.9038461538461539,0.8468468468468469,0.8801498127340824
