precision,recall,f1,f2
0.9852941176470589,0.9436619718309859,0.9640287769784172,0.9517045454545454
0.75,0.9230769230769231,0.8275862068965517,0.8823529411764706
