precision,recall,f1,f2
0.9882352941176471,0.9916666666666667,0.989948006932409,0.9909784871616932
0.6923076923076923,0.6136363636363636,0.6506024096385543,0.627906976744186
