precision,recall,f1,f2
1.0,0.9899777282850779,0.9949636261891438,0.9919660790002232
0.9090909090909091,1.0,0.9523809523809523,0.980392156862745
