precision,recall,f1,f2
0.9964054636951833,0.9625,0.9791593076651361,0.9690952314361626
0.41935483870967744,0.8863636363636364,0.5693430656934306,0.7249070631970259
