precision,recall,f1,f2
0.9971181556195965,0.9611111111111111,0.9787835926449788,0.9681029658645776
0.4166666666666667,0.9090909090909091,0.5714285714285715,0.7352941176470589
