precision,recall,f1,f2
0.9992690058479532,0.9493055555555555,0.9736467236467237,0.9588945005611673
0.3706896551724138,0.9772727272727273,0.5375,0.7363013698630138
