precision,recall,f1,f2
0.9920634920634921,0.8802816901408451,0.9328358208955225,0.9005763688760807
0.5952380952380952,0.9615384615384616,0.7352941176470588,0.8561643835616438
