precision,recall,f1,f2
0.948339483394834,0.9049295774647887,0.9261261261261261,0.9132906894100925
0.5846153846153846,0.7307692307692307,0.6495726495726495,0.6959706959706959
