precision,recall,f1,f2
0.977859778597786,0.9330985915492958,0.9549549549549549,0.9417199715707179
0.7076923076923077,0.8846153846153846,0.7863247863247863,0.8424908424908425
