precision,recall,f1,f2
0.9978417266187051,0.9631944444444445,0.9802120141342757,0.96993006993007
0.43617021276595747,0.9318181818181818,0.5942028985507247,0.7592592592592593
