precision,recall,f1,f2
1.0,0.9966592427616926,0.9983268265476853,0.9973256073100065
0.967741935483871,1.0,0.9836065573770492,0.9933774834437086
