precision,recall,f1,f2
1.0,0.9430555555555555,0.9706933523945676,0.9539196403484125
0.3492063492063492,1.0,0.5176470588235293,0.728476821192053
