precision,recall,f1,f2
0.9977728285077951,0.9977728285077951,0.9977728285077951,0.9977728285077953
0.9777777777777777,0.9777777777777777,0.9777777777777777,0.9777777777777777
