precision,recall,f1,f2
0.9812981298129813,0.9933184855233853,0.9872717210846708,0.9908909131304154
0.9240506329113924,0.8111111111111111,0.8639053254437871,0.8314350797266514
